train_026767.jpg,25
train_026773.jpg,25
train_026800.jpg,25
train_026837.jpg,25
train_026868.jpg,25
train_026875.jpg,25
train_026887.jpg,25
train_026921.jpg,25
train_026930.jpg,25
train_026961.jpg,25
train_026964.jpg,25
train_027011.jpg,25
train_027072.jpg,25
train_027097.jpg,25
train_027105.jpg,25
train_027115.jpg,25
train_027117.jpg,25
train_027148.jpg,25
train_027160.jpg,25
train_027154.jpg,25
train_033664.jpg,26
train_033689.jpg,26
train_033706.jpg,26
train_033711.jpg,26
train_033722.jpg,26
train_033724.jpg,26
train_033739.jpg,26
train_033797.jpg,26
train_033815.jpg,26
train_033826.jpg,26
train_033838.jpg,26
train_033854.jpg,26
train_033884.jpg,26
train_033933.jpg,26
train_033943.jpg,26
train_033969.jpg,26
train_034001.jpg,26
train_034010.jpg,26
train_034046.jpg,26
train_034049.jpg,26
train_086742.jpg,27
train_086745.jpg,27
train_086770.jpg,27
train_086782.jpg,27
train_086783.jpg,27
train_086802.jpg,27
train_086816.jpg,27
train_086831.jpg,27
train_086848.jpg,27
train_086874.jpg,27
train_086875.jpg,27
train_086892.jpg,27
train_086898.jpg,27
train_086919.jpg,27
train_086974.jpg,27
train_087054.jpg,27
train_087086.jpg,27
train_087088.jpg,27
train_087192.jpg,27
train_087209.jpg,27
train_055797.jpg,28
train_055808.jpg,28
train_055810.jpg,28
train_055831.jpg,28
train_055895.jpg,28
train_055977.jpg,28
train_056026.jpg,28
train_056053.jpg,28
train_056056.jpg,28
train_056072.jpg,28
train_056109.jpg,28
train_056143.jpg,28
train_056151.jpg,28
train_056172.jpg,28
train_056253.jpg,28
train_056264.jpg,28
train_056265.jpg,28
train_056272.jpg,28
train_056246.jpg,28
train_056241.jpg,28
train_097400.jpg,29
train_097429.jpg,29
train_097448.jpg,29
train_097518.jpg,29
train_097613.jpg,29
train_097626.jpg,29
train_097648.jpg,29
train_097684.jpg,29
train_097718.jpg,29
train_097757.jpg,29
train_097774.jpg,29
train_097789.jpg,29
train_097817.jpg,29
train_097831.jpg,29
train_097843.jpg,29
train_097849.jpg,29
train_097877.jpg,29
train_097881.jpg,29
train_097897.jpg,29
train_097926.jpg,29
train_022421.jpg,30
train_022491.jpg,30
train_022512.jpg,30
train_022580.jpg,30
train_022626.jpg,30
train_022631.jpg,30
train_022641.jpg,30
train_022651.jpg,30
train_022693.jpg,30
train_022708.jpg,30
train_022714.jpg,30
train_022726.jpg,30
train_022741.jpg,30
train_022748.jpg,30
train_022802.jpg,30
train_022823.jpg,30
train_022841.jpg,30
train_022842.jpg,30
train_022893.jpg,30
train_022894.jpg,30
train_011628.jpg,31
train_011630.jpg,31
train_011643.jpg,31
train_011646.jpg,31
train_011669.jpg,31
train_011673.jpg,31
train_011723.jpg,31
train_011738.jpg,31
train_011742.jpg,31
train_011820.jpg,31
train_011828.jpg,31
train_011834.jpg,31
train_011888.jpg,31
train_011952.jpg,31
train_011961.jpg,31
train_011991.jpg,31
train_011995.jpg,31
train_011996.jpg,31
train_011997.jpg,31
train_011993.jpg,31
train_094889.jpg,32
train_094892.jpg,32
train_094926.jpg,32
train_094935.jpg,32
train_094959.jpg,32
train_094960.jpg,32
train_094976.jpg,32
train_095056.jpg,32
train_095072.jpg,32
train_095117.jpg,32
train_095127.jpg,32
train_095167.jpg,32
train_095188.jpg,32
train_095209.jpg,32
train_095232.jpg,32
train_095243.jpg,32
train_095264.jpg,32
train_095308.jpg,32
train_095342.jpg,32
train_095356.jpg,32
train_031527.jpg,33
train_031533.jpg,33
train_031552.jpg,33
train_031555.jpg,33
train_031580.jpg,33
train_031593.jpg,33
train_031603.jpg,33
train_031611.jpg,33
train_031674.jpg,33
train_031699.jpg,33
train_031767.jpg,33
train_031792.jpg,33
train_031798.jpg,33
train_031823.jpg,33
train_031842.jpg,33
train_031870.jpg,33
train_031883.jpg,33
train_031575.jpg,33
train_031524.jpg,33
train_031532.jpg,33
train_098387.jpg,34
train_098392.jpg,34
train_098418.jpg,34
train_098426.jpg,34
train_098449.jpg,34
train_098479.jpg,34
train_098527.jpg,34
train_098553.jpg,34
train_098570.jpg,34
train_098586.jpg,34
train_098588.jpg,34
train_098592.jpg,34
train_098599.jpg,34
train_098609.jpg,34
train_098663.jpg,34
train_098677.jpg,34
train_098721.jpg,34
train_098738.jpg,34
train_098778.jpg,34
train_098805.jpg,34
train_095781.jpg,35
train_095898.jpg,35
train_095909.jpg,35
train_095922.jpg,35
train_095937.jpg,35
train_095979.jpg,35
train_095981.jpg,35
train_095990.jpg,35
train_096056.jpg,35
train_096090.jpg,35
train_096107.jpg,35
train_096117.jpg,35
train_096144.jpg,35
train_096147.jpg,35
train_096177.jpg,35
train_096219.jpg,35
train_096233.jpg,35
train_096247.jpg,35
train_096255.jpg,35
train_096258.jpg,35
train_016178.jpg,36
train_016191.jpg,36
train_016284.jpg,36
train_016318.jpg,36
train_016335.jpg,36
train_016372.jpg,36
train_016387.jpg,36
train_016397.jpg,36
train_016402.jpg,36
train_016409.jpg,36
train_016412.jpg,36
train_016423.jpg,36
train_016431.jpg,36
train_016471.jpg,36
train_016521.jpg,36
train_016535.jpg,36
train_016557.jpg,36
train_016604.jpg,36
train_016645.jpg,36
train_016633.jpg,36
train_062835.jpg,37
train_062836.jpg,37
train_062858.jpg,37
train_062878.jpg,37
train_062901.jpg,37
train_062916.jpg,37
train_062924.jpg,37
train_062925.jpg,37
train_062950.jpg,37
train_062986.jpg,37
train_062988.jpg,37
train_063000.jpg,37
train_063008.jpg,37
train_063083.jpg,37
train_063086.jpg,37
train_063147.jpg,37
train_062831.jpg,37
train_062898.jpg,37
train_062832.jpg,37
train_062890.jpg,37
train_031937.jpg,38
train_031944.jpg,38
train_031945.jpg,38
train_031994.jpg,38
train_032018.jpg,38
train_032035.jpg,38
train_032044.jpg,38
train_032098.jpg,38
train_032165.jpg,38
train_032205.jpg,38
train_032211.jpg,38
train_032264.jpg,38
train_032328.jpg,38
train_032329.jpg,38
train_032351.jpg,38
train_032364.jpg,38
train_032378.jpg,38
train_032431.jpg,38
train_032444.jpg,38
train_032473.jpg,38
train_055239.jpg,39
train_055259.jpg,39
train_055348.jpg,39
train_055389.jpg,39
train_055393.jpg,39
train_055398.jpg,39
train_055445.jpg,39
train_055461.jpg,39
train_055511.jpg,39
train_055528.jpg,39
train_055535.jpg,39
train_055545.jpg,39
train_055550.jpg,39
train_055675.jpg,39
train_055691.jpg,39
train_055694.jpg,39
train_055703.jpg,39
train_055714.jpg,39
train_055741.jpg,39
train_055529.jpg,39
train_005870.jpg,40
train_005984.jpg,40
train_006027.jpg,40
train_006048.jpg,40
train_006070.jpg,40
train_006092.jpg,40
train_006093.jpg,40
train_006133.jpg,40
train_006156.jpg,40
train_006159.jpg,40
train_006258.jpg,40
train_006336.jpg,40
train_006209.jpg,40
train_006269.jpg,40
train_006255.jpg,40
train_006225.jpg,40
train_006230.jpg,40
train_006207.jpg,40
train_006244.jpg,40
train_006272.jpg,40
train_087943.jpg,41
train_087957.jpg,41
train_087965.jpg,41
train_087975.jpg,41
train_088046.jpg,41
train_088056.jpg,41
train_088110.jpg,41
train_088171.jpg,41
train_088185.jpg,41
train_088198.jpg,41
train_088205.jpg,41
train_088208.jpg,41
train_088255.jpg,41
train_088273.jpg,41
train_088290.jpg,41
train_088304.jpg,41
train_088358.jpg,41
train_088372.jpg,41
train_088384.jpg,41
train_088385.jpg,41
train_092023.jpg,42
train_092034.jpg,42
train_092049.jpg,42
train_092067.jpg,42
train_092093.jpg,42
train_092102.jpg,42
train_092149.jpg,42
train_092156.jpg,42
train_092184.jpg,42
train_092195.jpg,42
train_092197.jpg,42
train_092266.jpg,42
train_092283.jpg,42
train_092296.jpg,42
train_092335.jpg,42
train_092336.jpg,42
train_092338.jpg,42
train_092355.jpg,42
train_092363.jpg,42
train_092395.jpg,42
train_051158.jpg,43
train_051221.jpg,43
train_051259.jpg,43
train_051273.jpg,43
train_051285.jpg,43
train_051288.jpg,43
train_051341.jpg,43
train_051362.jpg,43
train_051365.jpg,43
train_051387.jpg,43
train_051415.jpg,43
train_051472.jpg,43
train_051473.jpg,43
train_051511.jpg,43
train_051517.jpg,43
train_051520.jpg,43
train_051542.jpg,43
train_051567.jpg,43
train_051596.jpg,43
train_051610.jpg,43
train_021459.jpg,44
train_021482.jpg,44
train_021510.jpg,44
train_021535.jpg,44
train_021542.jpg,44
train_021565.jpg,44
train_021601.jpg,44
train_021608.jpg,44
train_021615.jpg,44
train_021617.jpg,44
train_021632.jpg,44
train_021679.jpg,44
train_021688.jpg,44
train_021722.jpg,44
train_021756.jpg,44
train_021763.jpg,44
train_021782.jpg,44
train_021793.jpg,44
train_021843.jpg,44
train_021602.jpg,44
train_042286.jpg,45
train_042301.jpg,45
train_042302.jpg,45
train_042341.jpg,45
train_042353.jpg,45
train_042386.jpg,45
train_042398.jpg,45
train_042401.jpg,45
train_042446.jpg,45
train_042468.jpg,45
train_042494.jpg,45
train_042501.jpg,45
train_042555.jpg,45
train_042603.jpg,45
train_042679.jpg,45
train_042693.jpg,45
train_042709.jpg,45
train_042718.jpg,45
train_042746.jpg,45
train_042469.jpg,45
train_015074.jpg,46
train_015077.jpg,46
train_015113.jpg,46
train_015117.jpg,46
train_015148.jpg,46
train_015157.jpg,46
train_015180.jpg,46
train_015188.jpg,46
train_015213.jpg,46
train_015223.jpg,46
train_015237.jpg,46
train_015288.jpg,46
train_015300.jpg,46
train_015352.jpg,46
train_015368.jpg,46
train_015399.jpg,46
train_015414.jpg,46
train_015492.jpg,46
train_015510.jpg,46
train_015511.jpg,46
train_007653.jpg,47
train_007677.jpg,47
train_007691.jpg,47
train_007716.jpg,47
train_007752.jpg,47
train_007756.jpg,47
train_007801.jpg,47
train_007845.jpg,47
train_007849.jpg,47
train_007866.jpg,47
train_007933.jpg,47
train_007959.jpg,47
train_008017.jpg,47
train_008026.jpg,47
train_008049.jpg,47
train_008052.jpg,47
train_008064.jpg,47
train_008068.jpg,47
train_008108.jpg,47
train_008118.jpg,47
train_081647.jpg,48
train_081721.jpg,48
train_081735.jpg,48
train_081746.jpg,48
train_081750.jpg,48
train_081756.jpg,48
train_081767.jpg,48
train_081777.jpg,48
train_081798.jpg,48
train_081799.jpg,48
train_081819.jpg,48
train_081831.jpg,48
train_081835.jpg,48
train_081873.jpg,48
train_081880.jpg,48
train_081885.jpg,48
train_081953.jpg,48
train_081995.jpg,48
train_082003.jpg,48
train_082015.jpg,48
train_035884.jpg,49
train_035900.jpg,49
train_035920.jpg,49
train_035956.jpg,49
train_036058.jpg,49
train_036161.jpg,49
train_036198.jpg,49
train_036243.jpg,49
train_036286.jpg,49
train_036287.jpg,49
train_036291.jpg,49
train_036333.jpg,49
train_036350.jpg,49
train_036356.jpg,49
train_036363.jpg,49
train_036399.jpg,49
train_036401.jpg,49
train_036419.jpg,49
train_036422.jpg,49
train_036426.jpg,49
